{"rot_deg": -0.4, "pan_mm": 0.0, "center": [124.150875, -74.521824], "pins": [[110.064429, -44.749955], [108.155693, -47.533528], [100.60028, -47.931182], [161.781978, -103.803905], [165.59945, -102.849537], [166.683993, -99.496609], [166.731102, -82.835533], [169.123502, -81.115463], [169.194127, -70.999409], [166.539962, -68.4099], [166.539962, -52.312893], [165.712843, -48.543139], [142.194818, -45.863384], [127.402114, -45.863384], [125.811501, -47.613059], [118.176557, -47.613059], [116.267821, -44.749955]]}
